{
  "analysis": "GCV Quantum Gravity Connection",
  "planck_scale": {
    "l_P": 1.6165467790396732e-35,
    "m_P": 2.1769250664252745e-08,
    "a_P": 5.5597226779340885e+51
  },
  "gcv_scale": {
    "a0": 1.8e-10,
    "a0_over_aP": 3.2375715557612195e-62,
    "a0_over_cH0": 0.27490828427399033
  },
  "verified_predictions": [
    "CMB compatibility",
    "GW speed = c",
    "Scale-dependent gravity",
    "Mass threshold"
  ],
  "future_tests": [
    "Atom interferometry",
    "Torsion balance",
    "Space-based gravity",
    "Black hole shadows"
  ],
  "status": "Phenomenologically promising, needs theoretical derivation"
}